nome	url	http	tipo	tamanho_bytes	lido_em_utc	sha256	url_final
01-bidbook-selecao-PT.pdf	https://www.evora2027.com/fileadmin/Evora_2027_v.3.0/bidbook/E27_Bidbook_2022_AF5-2_PT_04_12_.pdf	200	application/pdf	7646731	2026-09-15T11:38:48Z	2a3ad3e82af756c31f3423f6a12cd76a8ac39fdca1c9237a98a5c10a9fb93624	https://www.evora2027.com/fileadmin/Evora_2027_v.3.0/bidbook/E27_Bidbook_2022_AF5-2_PT_04_12_.pdf
02-bidbook-preselecao-PT.pdf	https://www.evora2027.com/fileadmin/Evora_2027_v.3.0/bidbook/E27_Bidbook_PT_AF.pdf	200	application/pdf	4224021	2026-09-15T11:38:52Z	0a24c92dbe1dd5fdcb2710cb3fd0db7a4bc7fa356db4b48bbf2f82825cc85302	https://www.evora2027.com/fileadmin/Evora_2027_v.3.0/bidbook/E27_Bidbook_PT_AF.pdf
10-ce-node2896.html	https://culture.ec.europa.eu/node/2896	200	text/html; charset=utf-8	183945	2026-09-15T11:40:52Z	44db6cf4cfbc4dc224a150b9d75d05cc5f3ea7f55ae86a82ddf7e509f60968b9	https://culture.ec.europa.eu/whats-new/news/evora-to-be-the-european-capital-of-culture-2027-in-portugal
11-mc-ecoc2027-inicio.html	https://www.ecoc2027.mc.gov.pt/	200	text/html; charset=utf-8	813889	2026-09-15T11:41:28Z	8cdf893e03fc0dee622943a520a17ed852dcba2129f2ebe007ea4244744e0a0b	https://www.ecoc2027.mc.gov.pt/
12-dre-dl-124-2023.html	https://diariodarepublica.pt/dr/detalhe/decreto-lei/124-2023-835674289	200	text/html; charset=utf-8	2346	2026-09-15T11:41:29Z	043b1ab50ac43d1f14ac425f913d3255819d737cc44d6f2e0f13b672237bb4d5	https://diariodarepublica.pt/dr/detalhe/decreto-lei/124-2023-835674289
13-dre-eli-dl124-2023.html	https://data.dre.pt/eli/dec-lei/124/2023/12/26/p/dre/pt/html	200	text/html; charset=utf-8	2346	2026-09-15T11:41:55Z	043b1ab50ac43d1f14ac425f913d3255819d737cc44d6f2e0f13b672237bb4d5	https://diariodarepublica.pt/dr/detalhe/decreto-lei/124-2023-835674289
14-dre-dl124-2023.pdf	https://data.dre.pt/eli/dec-lei/124/2023/12/26/p/dre/pt/pdf	200	application/pdf	679466	2026-09-15T11:42:19Z	c9d6cd18ef8068396ed52277a0787d4908b55650667f70027203346eca27cb37	https://files.diariodarepublica.pt/1s/2023/12/24700/0006800073.pdf
15-dr-1s-247-2023-12-26.pdf	https://files.diariodarepublica.pt/gratuitos/1s/2023/12/24700.pdf	200	application/pdf	44575296	2026-09-15T11:42:21Z	393f77271ba8cf2b9a938347e0a5fc9239f3f08ea679350f9d78cef2ecf1ff85	https://files.diariodarepublica.pt/gratuitos/1s/2023/12/24700.pdf
20-ce-relatorio-preselecao-2027-PT.pdf	https://culture.ec.europa.eu/sites/default/files/2022-04/ecoc-2027-portugual-preselection-report_v1.pdf	200	application/pdf	954742	2026-09-15T11:42:49Z	6232f5f64f62077c88e75137bd828bd7672a35a8d6dfd1b78b5102f627053113	https://culture.ec.europa.eu/sites/default/files/2022-04/ecoc-2027-portugual-preselection-report_v1.pdf
21-ce-relatorio-selecao-2027-PT.pdf	https://culture.ec.europa.eu/sites/default/files/2023-02/ecoc-2027-portugual-selection-report.pdf	200	application/pdf	1377964	2026-09-15T11:42:51Z	11195b2a3710949c16b4fc9f6b7460e65b6d43adacc06410ddfcae5dbd2233a1	https://culture.ec.europa.eu/sites/default/files/2023-02/ecoc-2027-portugual-selection-report.pdf
22-ce-monitorizacao-1-2023-09.pdf	https://culture.ec.europa.eu/sites/default/files/2023-10/%C3%89vora-first-monitoring-report-September-2023_en.pdf	200	application/pdf	997785	2026-09-15T11:42:53Z	81529d2d0b2f8c60611c2632ff6dbea7f083d43498762a729cd1c449eecacaaf	https://culture.ec.europa.eu/sites/default/files/2023-10/%C3%89vora-first-monitoring-report-September-2023_en.pdf
16-dre-dl47-2025.pdf	https://data.dre.pt/eli/dec-lei/47/2025/03/27/p/dre/pt/pdf	200	application/pdf	568077	2026-09-15T11:43:29Z	8ef0f9736105ef01af95fbec0c2ab69deb50d7c6864cf54455aa1cbe75a06c35	https://files.diariodarepublica.pt/1s/2025/03/06100/0003400035.pdf
30-e27-sobre.html	https://www.evora2027.com/sobre	404	text/html; charset=utf-8	2369	2026-09-15T11:43:50Z	1822a696422dc99d30b93dd051519c0bfcecf32509829ac5e4bc22c406434f79	https://www.evora2027.com/sobre
31-e27-inicio.html	https://www.evora2027.com/	200	text/html; charset=utf-8	19755	2026-09-15T11:43:58Z	61f62fd06276cdb812bd0f1dde931455d91811c1771a36e02d09408cb6448f11	https://www.evora2027.com/
32-e27-bid-book.html	https://www.evora2027.com/bid-book	200	text/html; charset=utf-8	18464	2026-09-15T11:44:11Z	17763b2c9ae5df0289c65f1304ac65dfc011667932bdc0546e0b811031083ec0	https://www.evora2027.com/bid-book
32-e27-quem-somos.html	https://www.evora2027.com/quem-somos	200	text/html; charset=utf-8	44628	2026-09-15T11:44:14Z	b324dfd0c349751a2e75142db0731e815751fd191dddc30dc26f0f6a6f8ca632	https://www.evora2027.com/quem-somos
32-e27-programacao.html	https://www.evora2027.com/programacao	200	text/html; charset=utf-8	23095	2026-09-15T11:44:17Z	47fec0dc9719f0595612c37b6c26dff2ba485795a71e7cd8055d1fea45cb7a00	https://www.evora2027.com/programacao
40-e27-estatutos.pdf	https://www.evora2027.com/fileadmin/Estatutos__Associac__a__o_E__vora_2027.pdf	200	application/pdf	781864	2026-09-15T11:44:36Z	4d8e44af533ffdefa4f361222fd526b03c24d76ebc63e57f406ff30f97d1fec3	https://www.evora2027.com/fileadmin/Estatutos__Associac__a__o_E__vora_2027.pdf
41-e27-plano-atividades-orcamento-2026.pdf	https://www.evora2027.com/fileadmin/user_upload/E_27_Plano.de.Atividades.e.Orcamento.2026_Final.pdf	200	application/pdf	1127965	2026-09-15T11:44:38Z	b64f3262d8c4c9a3d87017230c19e16651276499ef59dcf33aab398d8cc6324b	https://www.evora2027.com/fileadmin/user_upload/E_27_Plano.de.Atividades.e.Orcamento.2026_Final.pdf
42-e27-relatorio-contas-2025.pdf	https://www.evora2027.com/fileadmin/user_upload/Relatorio.de.Atividades.e.Contas_2025_Final_com_Anexo.pdf	200	application/pdf	2445695	2026-09-15T11:44:40Z	b461c7dee112e1edda4bf6b1b6c353a0c1b10e73407cc6a3afdaa03008286b03	https://www.evora2027.com/fileadmin/user_upload/Relatorio.de.Atividades.e.Contas_2025_Final_com_Anexo.pdf
43-e27-programacao-2026.pdf	https://www.evora2027.com/fileadmin/Apresentacao__Programacao_2026_E27_31MAR26_compressed.pdf	200	application/pdf	7881389	2026-09-15T11:44:42Z	a25405119717842f41c0977fc6ebb8eade40564fe753ff935694e37788bbabc8	https://www.evora2027.com/fileadmin/Apresentacao__Programacao_2026_E27_31MAR26_compressed.pdf
44-e27-ficha-operacao-vagar.pdf	https://www.evora2027.com/fileadmin/ficha_de_operacao_VAGAR.pdf	200	application/pdf	224679	2026-09-15T11:44:47Z	0816f65622710f8c7c31bad1d007a22b14c9ef26b2f192a40f6f1aa4a8096552	https://www.evora2027.com/fileadmin/ficha_de_operacao_VAGAR.pdf
45-e27-ficha-operacao-internacionalizacao.pdf	https://www.evora2027.com/fileadmin/ficha_de_operacao_INTERNACIONALIZACAO.pdf	200	application/pdf	225105	2026-09-15T11:44:48Z	b9a3e0eaaf9ad0b836b218e0fe2a4767b8aa1eb58cc89321d21b799e9968fd91	https://www.evora2027.com/fileadmin/ficha_de_operacao_INTERNACIONALIZACAO.pdf
23-ce-ecoc-pagina.html	https://culture.ec.europa.eu/node/1223	200	text/html; charset=utf-8	180979	2026-09-15T11:46:59Z	c24873583a46f0e80f28625335780ec0d8fc375d7e1aa439657f4f3092a1bc59	https://culture.ec.europa.eu/whats-new/news/4-cities-short-listed-for-european-capitals-of-culture-2027-in-portugal
24-ce-ecoc-politica.html	https://culture.ec.europa.eu/policies/culture-in-cities-and-regions/european-capitals-of-culture	200	text/html; charset=utf-8	182921	2026-09-15T11:47:14Z	96fb3afeeb942635fa2b01ef9124e2c8fdea144513331edab75262ffeb71daf9	https://culture.ec.europa.eu/policies/culture-in-cities-and-regions/european-capitals-of-culture
25-ce-liepaja-evora.html	https://culture.ec.europa.eu/policies/culture-in-cities-and-regions/designated-capitals-of-culture/liepaja-and-evora	200	text/html; charset=utf-8	182249	2026-09-15T11:47:45Z	364705366d6f8616f222148fc8f444cc45a03fac34134225e2aad40c2d883371	https://culture.ec.europa.eu/policies/culture-in-cities-and-regions/designated-capitals-of-culture/liepaja-and-evora
26-ce-doc-second-monitoring-report-european-capital-of-culture-2027-portugal.html	https://culture.ec.europa.eu/document/second-monitoring-report-european-capital-of-culture-2027-portugal	200	text/html; charset=utf-8	175387	2026-09-15T11:48:02Z	c1d40ce204d199f44d1a64639ac6622c9bbc1bdfcbb0a10771232745fcef27ee	https://culture.ec.europa.eu/resources/document-library/second-monitoring-report-european-capital-of-culture-2027-portugal
26-ce-doc-first-monitoring-report-european-capital-of-culture-2027-portugal.html	https://culture.ec.europa.eu/document/first-monitoring-report-european-capital-of-culture-2027-portugal	200	text/html; charset=utf-8	175352	2026-09-15T11:48:05Z	76423f91addd0917d8a970891a2be601f423718fc8ad2c6772830d3a4ca91f78	https://culture.ec.europa.eu/resources/document-library/first-monitoring-report-european-capital-of-culture-2027-portugal
27-ce-monitorizacao-2-2025-07.pdf	https://culture.ec.europa.eu/sites/default/files/2025-07/ecoc-2027-portugual-second-monitoring-report-280725.pdf	200	application/pdf	504808	2026-09-15T11:48:28Z	861431b3b5e935f28bf6a3bc60b47307bdbeac571292d05f00defc5b1cd212e0	https://culture.ec.europa.eu/sites/default/files/2025-07/ecoc-2027-portugual-second-monitoring-report-280725.pdf
28-ce-doc-terceira-monitorizacao.html	https://culture.ec.europa.eu/document/third-monitoring-report-european-capital-of-culture-2027-portugal	404	text/html; charset=utf-8	167891	2026-09-15T11:48:29Z	51a42d91294f9cde01f22b7182c9ac9769c252d22548cdd271fbe063a62fda53	https://culture.ec.europa.eu/document/third-monitoring-report-european-capital-of-culture-2027-portugal
50-cme-gop-orcamento-2026.pdf	https://www.cm-evora.pt/wp-content/uploads/2026/01/Grandes-Opcoes-do-Plano-e-Orcamento-2026_.pdf	200	application/pdf	31049815	2026-09-15T11:48:33Z	7cd1e7d0a2c69045e47d7e2285773d4ad6a3a897422e66ee5064fe5bba9fde04	https://www.cm-evora.pt/wp-content/uploads/2026/01/Grandes-Opcoes-do-Plano-e-Orcamento-2026_.pdf
51-cme-pagina-plano-2025.html	https://www.cm-evora.pt/pt/municipe/camara-municipal/plano-e-orcamento/opcoes-do-plano-e-orcamento-2025/	404	text/html; charset=UTF-8	593331	2026-09-15T11:49:58Z	197324ad37298fccf1718ca642abfbfa2c00586cc4cfa97af624df9b4d9b69c3	https://www.cm-evora.pt/municipe/camara-municipal/plano-e-orcamento/opcoes-do-plano-e-orcamento-2025/
52-cme-pagina-anos-anteriores.html	https://www.cm-evora.pt/municipe/camara-municipal/plano-e-orcamento/plano-e-orcamento-anos-anteriores/	200	text/html; charset=UTF-8	1077040	2026-09-15T11:50:00Z	470af008aeec69c59e3a3721bade87551adf7e586f1d912febac4321f3f6d982	https://www.cm-evora.pt/municipe/camara-municipal/plano-e-orcamento/plano-e-orcamento-anos-anteriores/
53-cme-gop-orcamento-2025.pdf	https://www.cm-evora.pt/wp-content/uploads/2025/01/Opcoes-do-Plano-e-Orcamento-2025.pdf	200	application/pdf	20574695	2026-09-15T11:50:15Z	f07265b18625df34991b1805807f77617955a03da07aa814a521563ea38910a0	https://www.cm-evora.pt/wp-content/uploads/2025/01/Opcoes-do-Plano-e-Orcamento-2025.pdf
54-cme-gop-orcamento-2024.pdf	https://www.cm-evora.pt/wp-content/uploads/2024/01/OPs_ORCAMENTO2024_DocCompleto_Assinado.pdf	200	application/pdf	31222926	2026-09-15T11:50:19Z	7c554e97ed97c36625b0846e3c2a03e4e5021f39c878d70d193588200f3f6024	https://www.cm-evora.pt/wp-content/uploads/2024/01/OPs_ORCAMENTO2024_DocCompleto_Assinado.pdf
60-cme-atas.html	https://www.cm-evora.pt/municipe/camara-municipal/atas-de-reuniao/	404	text/html; charset=UTF-8	593331	2026-09-15T11:52:03Z	197324ad37298fccf1718ca642abfbfa2c00586cc4cfa97af624df9b4d9b69c3	https://www.cm-evora.pt/municipe/camara-municipal/atas-de-reuniao/
61-cme-reunioes-camara.html	https://www.cm-evora.pt/municipe/camara-municipal/reunioes-de-camara/	200	text/html; charset=UTF-8	2061411	2026-09-15T11:52:20Z	182cb25c1a96407dd47be9c69ba194826619c3e9d21f6cb6a122fad357f8e7e3	https://www.cm-evora.pt/municipe/camara-municipal/reunioes-de-camara/
62-cme-assembleia.html	https://www.cm-evora.pt/municipe/assembleia-municipal/	200	text/html; charset=UTF-8	923181	2026-09-15T11:52:22Z	2d0e5c37a1f983629080b1063bdee00b8f1c92fc6596a6d3a144baeb15ab6bc4	https://www.cm-evora.pt/municipe/assembleia-municipal/
63-cme-ata-10-rpc-2026-05-14.pdf	https://www.cm-evora.pt/wp-content/uploads/2026/09/Ata-no-10-da-RPC-de-14-de-maio-de-2026.pdf	200	application/pdf	26534598	2026-09-15T11:53:02Z	36a3dcacd269279bdd763fb50ff2d68f42420a4f3698610e4464c132da7e4233	https://www.cm-evora.pt/wp-content/uploads/2026/09/Ata-no-10-da-RPC-de-14-de-maio-de-2026.pdf
64-cme-edital-rpc-2026-09-03.pdf	https://www.cm-evora.pt/wp-content/uploads/2026/09/Edital-da-RPC-de-03-de-setembro-de-2026-1.pdf	200	application/pdf	7500569	2026-09-15T11:53:07Z	9799f676593c421b6e95e77c46e026c5faeba02ef106a80f7758dc0dfad9c7fc	https://www.cm-evora.pt/wp-content/uploads/2026/09/Edital-da-RPC-de-03-de-setembro-de-2026-1.pdf
70-base-teste.html	https://www.base.gov.pt/Base4/pt/resultados/?type=contratos&texto=%C3%89vora%202027	999	text/html; charset=windows-1252	1172	2026-09-15T11:53:31Z	1de9e9f4a1d740052c5e13ec835ff14bf295eb32adde3fffdaec26dc84949e44	https://www.base.gov.pt/Base4/pt/resultados/?type=contratos&texto=%C3%89vora%202027
71-base-pesquisa.html	https://www.base.gov.pt/Base4/pt/pesquisa/?type=contratos	999	text/html; charset=windows-1252	1172	2026-09-15T11:53:47Z	1de9e9f4a1d740052c5e13ec835ff14bf295eb32adde3fffdaec26dc84949e44	https://www.base.gov.pt/Base4/pt/pesquisa/?type=contratos
72-base-raiz.html	https://www.base.gov.pt/	999	text/html; charset=windows-1252	1172	2026-09-15T11:53:56Z	1de9e9f4a1d740052c5e13ec835ff14bf295eb32adde3fffdaec26dc84949e44	https://www.base.gov.pt/base4
33-e27-noticias.html	https://www.evora2027.com/noticias	200	text/html; charset=utf-8	141431	2026-09-15T11:55:47Z	e91e6b96f7b1ff77a3dd32b29bb4145ce1f4db437ff99632ac07d0225c5d6cc7	https://www.evora2027.com/noticias
55-cme-protocolo-2023.html	https://www.cm-evora.pt/investimento-superior-a-44-milhoes-de-euros-camara-de-evora-e-estado-portugues-assinaram-protocolo-de-cooperacao-para-implementacao-da-capital-europeia-da-cultura-em-2027/	200	text/html; charset=UTF-8	680427	2026-09-15T11:56:28Z	8d3327e6f9821eb45aae37eb10c1bfa85abb9f8e842af30372d0999120b5b14a	https://www.cm-evora.pt/investimento-superior-a-44-milhoes-de-euros-camara-de-evora-e-estado-portugues-assinaram-protocolo-de-cooperacao-para-implementacao-da-capital-europeia-da-cultura-em-2027/
17-dre-rcm-203-2023.pdf	https://data.dre.pt/eli/resolconsmin/203/2023/12/28/p/dre/pt/pdf	200	application/pdf	231548	2026-09-15T11:57:21Z	76cd523ae75cf21554444d7b081a1d5e8cb1e7c32dd70edccee52291d4978283	https://files.diariodarepublica.pt/1s/2023/12/24900/0008600086.pdf
18-gepac-regras-concurso-2027.pdf	https://www.ecoc2027.mc.gov.pt/upload/ficheiros/02_Rules%20of%20procedure%20for%20ECOC%202027%20competition_ENG.pdf	200	application/pdf	229221	2026-09-15T11:57:58Z	40f0dc113017139e3e9a334445bbc0226965786fd71d254aabc545e79084b5d2	https://www.ecoc2027.mc.gov.pt/upload/ficheiros/02_Rules%20of%20procedure%20for%20ECOC%202027%20competition_ENG.pdf
19-eurlex-decisao-445-2014.pdf	https://eur-lex.europa.eu/legal-content/PT/TXT/PDF/?uri=CELEX:32014D0445	202	text/html; charset=UTF-8	0	2026-09-15T11:58:10Z	e3b0c44298fc1c149afbf4c8996fb92427ae41e4649b934ca495991b7852b855	https://eur-lex.europa.eu/legal-content/PT/TXT/PDF/?uri=CELEX:32014D0445
19b-eurlex-decisao-445-2014.html	https://eur-lex.europa.eu/legal-content/PT/TXT/HTML/?uri=CELEX:32014D0445	202	text/html; charset=UTF-8	0	2026-09-15T11:58:20Z	e3b0c44298fc1c149afbf4c8996fb92427ae41e4649b934ca495991b7852b855	https://eur-lex.europa.eu/legal-content/PT/TXT/HTML/?uri=CELEX:32014D0445
19c-eurlex-eli-445-2014.pdf	https://eur-lex.europa.eu/eli/dec/2014/445/oj/por/pdf	202	text/html; charset=UTF-8	0	2026-09-15T11:58:31Z	e3b0c44298fc1c149afbf4c8996fb92427ae41e4649b934ca495991b7852b855	https://eur-lex.europa.eu/eli/dec/2014/445/oj/por/pdf
80-alentejo2030-inicio.html	https://alentejo.portugal2030.pt/	200	text/html; charset=UTF-8	234106	2026-09-15T11:58:46Z	cb05a9c6adc6e5807df1eef6ad7fee1bd8d97a415f2ef351e5b4de5051e2c82c	https://alentejo.portugal2030.pt/
81-alentejo2030-operacoes.html	https://alentejo.portugal2030.pt/lista-de-operacoes-aprovadas/	200	text/html; charset=UTF-8	151760	2026-09-15T11:58:54Z	e2f70506bd158bc5b7ac09f495be7593806b7c8445e3d002865905cf501eb3af	https://alentejo.portugal2030.pt/lista-de-operacoes-aprovadas/
82-alentejo2030-lista-operacoes-2026-06-30.xlsx	https://alentejo.portugal2030.pt/wp-content/uploads/sites/13/2026/07/lista_operacoes_30_junho_2026.xlsx	200	application/vnd.openxmlformats-officedocument.spreadsheetml.sheet	381334	2026-09-15T11:59:03Z	1e7f97eb4dc18e6d8715b544706887b60023767248d8a89ddc81f74bed0a4503	https://alentejo.portugal2030.pt/wp-content/uploads/sites/13/2026/07/lista_operacoes_30_junho_2026.xlsx
